accession	label	species	groups
KJ156866.1	1	1335626	1_1335626
KM027262.1	1	1335626	1_1335626
AY545916.1	1	694009	1_694009
DQ415907.1	1	290028	1_290028
DQ415909.1	1	290028	1_290028
MG923478.1	1	1335626	1_1335626
MF598625.1	1	1335626	1_1335626
KR011265.1	1	1335626	1_1335626
KF923895.1	1	694003	1_694003
KP223131.1	1	1335626	1_1335626
KY554973.1	1	694003	1_694003
KX538975.1	1	694003	1_694003
AY321118.1	1	694009	1_694009
FJ882961.1	1	694009	1_694009
KF514406.1	1	694009	1_694009
MG011355.2	1	1335626	1_1335626
KJ361501.1	1	1335626	1_1335626
MG011358.2	1	1335626	1_1335626
MF598689.1	1	1335626	1_1335626
MF598660.1	1	1335626	1_1335626
JQ765572.1	1	277944	1_277944
KT806045.1	1	1335626	1_1335626
KX538977.1	1	694003	1_694003
KF923893.1	1	694003	1_694003
KT368865.1	1	1335626	1_1335626
AY903460.1	1	694003	1_694003
MF598707.1	1	1335626	1_1335626
KT368838.1	1	1335626	1_1335626
KF923902.1	1	694003	1_694003
AY304486.1	1	694009	1_694009
GU553365.1	1	694009	1_694009
KT026453.1	1	1335626	1_1335626
KF600630.1	1	1335626	1_1335626
FJ882931.1	1	694009	1_694009
KY369913.1	1	11137	1_11137
FJ882927.1	1	694009	1_694009
KF514402.1	1	694009	1_694009
KY581685.1	1	1335626	1_1335626
KF530065.1	1	694003	1_694003
AY502926.1	1	694009	1_694009
KJ556336.1	1	1335626	1_1335626
KM027255.1	1	1335626	1_1335626
DQ497008.1	1	694009	1_694009
MG977447.1	1	694003	1_694003
HQ890545.1	1	694009	1_694009
FJ882936.1	1	694009	1_694009
JF292902.1	1	694009	1_694009
DQ640652.1	1	694009	1_694009
KF530060.1	1	694003	1_694003
KU291448.1	1	11137	1_11137
KX154687.1	1	1335626	1_1335626
AY864806.1	1	694009	1_694009
KX538978.1	1	694003	1_694003
KT368848.1	1	1335626	1_1335626
MF598701.1	1	1335626	1_1335626
KF530111.1	1	277944	1_277944
AY545918.1	1	694009	1_694009
KJ156949.1	1	1335626	1_1335626
AP006559.1	1	694009	1_694009
KY554967.1	1	277944	1_277944
JN129834.1	1	694003	1_694003
DQ415897.1	1	290028	1_290028
KC776174.1	1	1335626	1_1335626
JF292906.1	1	694009	1_694009
KF192507.1	1	1335626	1_1335626
MF598709.1	1	1335626	1_1335626
KT368858.1	1	1335626	1_1335626
KY554971.1	1	277944	1_277944
KF514414.1	1	694009	1_694009
KT374051.1	1	1335626	1_1335626
AY502924.1	1	694009	1_694009
KX154684.1	1	1335626	1_1335626
KF923894.1	1	694003	1_694003
MH306207.1	1	1335626	1_1335626
AY395003.1	1	694009	1_694009
KT806048.1	1	1335626	1_1335626
JQ765575.1	1	277944	1_277944
KT806052.1	1	1335626	1_1335626
AP006560.1	1	694009	1_694009
AY394999.1	1	694009	1_694009
AY545914.1	1	694009	1_694009
KT374057.1	1	1335626	1_1335626
KY967356.1	1	694003	1_694003
KT368835.1	1	1335626	1_1335626
MF598623.1	1	1335626	1_1335626
KY581697.1	1	1335626	1_1335626
KT806054.1	1	1335626	1_1335626
MF598601.1	1	1335626	1_1335626
MG923476.1	1	1335626	1_1335626
MF598708.1	1	1335626	1_1335626
KF686346.1	1	290028	1_290028
KY688119.1	1	1335626	1_1335626
KF923915.1	1	694003	1_694003
JX504050.1	1	277944	1_277944
MF598685.1	1	1335626	1_1335626
AY613949.1	1	694009	1_694009
KT368853.1	1	1335626	1_1335626
FJ882945.1	1	694009	1_694009
MF598619.1	1	1335626	1_1335626
MF598636.1	1	1335626	1_1335626
DQ898174.1	1	694009	1_694009
MF598633.1	1	1335626	1_1335626
MF598639.1	1	1335626	1_1335626
AY585228.1	1	694003	1_694003
JF292914.1	1	694009	1_694009
KX538964.1	1	694003	1_694003
MG923473.1	1	1335626	1_1335626
KT368883.1	1	1335626	1_1335626
KT374055.1	1	1335626	1_1335626
JQ765564.1	1	277944	1_277944
AY313906.1	1	694009	1_694009
JX163926.1	1	694009	1_694009
HQ890537.1	1	694009	1_694009
MG923471.1	1	1335626	1_1335626
KF923898.1	1	694003	1_694003
KY581699.1	1	1335626	1_1335626
AY362699.1	1	694009	1_694009
MF598614.1	1	1335626	1_1335626
MF598684.1	1	1335626	1_1335626
KT368825.1	1	1335626	1_1335626
KY581687.1	1	1335626	1_1335626
KF923906.1	1	694003	1_694003
MF598706.1	1	1335626	1_1335626
KT368867.1	1	1335626	1_1335626
MG011342.2	1	1335626	1_1335626
KT368857.1	1	1335626	1_1335626
KF530089.1	1	694003	1_694003
MF598635.1	1	1335626	1_1335626
AY559092.1	1	694009	1_694009
KY581694.1	1	1335626	1_1335626
KF514388.1	1	694009	1_694009
KY369909.2	1	11137	1_11137
AY559089.1	1	694009	1_694009
DQ415904.1	1	290028	1_290028
KT368851.1	1	1335626	1_1335626
KX538968.1	1	694003	1_694003
MG011351.2	1	1335626	1_1335626
AY394991.1	1	694009	1_694009
AB257344.1	1	694009	1_694009
AY390556.1	1	694009	1_694009
KF923897.1	1	694003	1_694003
KY581698.1	1	1335626	1_1335626
KJ650297.1	1	1335626	1_1335626
MF598666.1	1	1335626	1_1335626
KT806049.1	1	1335626	1_1335626
NC_002645.1	1	11137	1_11137
AY559091.1	1	694009	1_694009
KF530092.1	1	694003	1_694003
KY369912.1	1	11137	1_11137
KJ713297.1	1	1335626	1_1335626
KF686344.1	1	290028	1_290028
AY350750.1	1	694009	1_694009
KF530109.1	1	277944	1_277944
AY283795.1	1	694009	1_694009
KF514432.1	1	11137	1_11137
MF598610.1	1	1335626	1_1335626
KJ650296.1	1	1335626	1_1335626
KF958702.1	1	1335626	1_1335626
KM015348.1	1	1335626	1_1335626
FJ415324.1	1	694003	1_694003
MG011344.1	1	1335626	1_1335626
KF923887.1	1	694003	1_694003
FJ882938.1	1	694009	1_694009
KY983587.1	1	11137	1_11137
AY613947.1	1	694009	1_694009
KJ156874.1	1	1335626	1_1335626
AY572038.1	1	694009	1_694009
KJ156952.1	1	1335626	1_1335626
AY568539.1	1	694009	1_694009
AY903459.1	1	694003	1_694003
KP198611.1	1	694003	1_694003
KF600652.1	1	1335626	1_1335626
MF598611.1	1	1335626	1_1335626
KM027261.1	1	1335626	1_1335626
MF598656.1	1	1335626	1_1335626
KX034095.1	1	1335626	1_1335626
AY884001.1	1	290028	1_290028
KY554974.1	1	694003	1_694003
KY674942.1	1	290028	1_290028
KT368829.1	1	1335626	1_1335626
KJ361502.1	1	1335626	1_1335626
MF598699.1	1	1335626	1_1335626
MF598630.1	1	1335626	1_1335626
AY345986.1	1	694009	1_694009
KT121578.1	1	1335626	1_1335626
JQ316196.1	1	694009	1_694009
AY283794.1	1	694009	1_694009
MF598634.1	1	1335626	1_1335626
MG428704.1	1	277944	1_277944
KT368841.1	1	1335626	1_1335626
AY357075.1	1	694009	1_694009
KU242423.1	1	1335626	1_1335626
KT368843.1	1	1335626	1_1335626
KY014281.1	1	694003	1_694003
MG011361.1	1	1335626	1_1335626
DQ415913.1	1	290028	1_290028
MF598631.1	1	1335626	1_1335626
KF514397.1	1	694009	1_694009
MG366882.1	1	1335626	1_1335626
MF598607.1	1	1335626	1_1335626
MG011346.1	1	1335626	1_1335626
JF292920.1	1	694009	1_694009
JQ765574.1	1	277944	1_277944
KY673148.1	1	1335626	1_1335626
AY559083.1	1	694009	1_694009
MF598716.1	1	1335626	1_1335626
KF530110.1	1	277944	1_277944
KT368849.1	1	1335626	1_1335626
MF598655.1	1	1335626	1_1335626
MF598613.1	1	1335626	1_1335626
KX108942.1	1	1335626	1_1335626
AY351680.1	1	694009	1_694009
KF514400.1	1	694009	1_694009
KF514412.1	1	694009	1_694009
KF530091.1	1	694003	1_694003
MF598616.1	1	1335626	1_1335626
KF923918.1	1	694003	1_694003
KT121580.1	1	1335626	1_1335626
KT006149.2	1	1335626	1_1335626
KP719932.1	1	1335626	1_1335626
HM034837.1	1	290028	1_290028
DQ415906.1	1	290028	1_290028
KT779556.1	1	290028	1_290028
JQ765570.1	1	277944	1_277944
MF598682.1	1	1335626	1_1335626
KY983588.1	1	694003	1_694003
KT266906.1	1	277944	1_277944
JQ765568.1	1	277944	1_277944
AY485278.1	1	694009	1_694009
MF598617.1	1	1335626	1_1335626
AY278489.2	1	694009	1_694009
KT368834.1	1	1335626	1_1335626
JF292907.1	1	694009	1_694009
KF186567.1	1	1335626	1_1335626
KF514413.1	1	694009	1_694009
MF598632.1	1	1335626	1_1335626
MF374985.2	1	694003	1_694003
MH013216.1	1	1335626	1_1335626
JF292910.1	1	694009	1_694009
KY967357.1	1	11137	1_11137
MG011343.1	1	1335626	1_1335626
JF292909.1	1	694009	1_694009
KY674943.1	1	290028	1_290028
MF598672.1	1	1335626	1_1335626
FJ882949.1	1	694009	1_694009
KT121572.1	1	1335626	1_1335626
KT368869.1	1	1335626	1_1335626
KX108941.1	1	1335626	1_1335626
MF598710.1	1	1335626	1_1335626
JF292915.1	1	694009	1_694009
KX154691.1	1	1335626	1_1335626
KT861628.1	1	1335626	1_1335626
KF530064.1	1	694003	1_694003
KX538967.1	1	694003	1_694003
KF530073.1	1	694003	1_694003
KX344031.1	1	694003	1_694003
JX503060.1	1	11137	1_11137
JX524171.1	1	277944	1_277944
KF514393.1	1	694009	1_694009
MF598693.1	1	1335626	1_1335626
KJ829365.1	1	1335626	1_1335626
KT368888.1	1	1335626	1_1335626
KF530090.1	1	694003	1_694003
FJ882954.1	1	694009	1_694009
MF598641.1	1	1335626	1_1335626
KT374053.1	1	1335626	1_1335626
MF598669.1	1	1335626	1_1335626
MF598596.1	1	1335626	1_1335626
KX108944.1	1	1335626	1_1335626
JQ765563.1	1	277944	1_277944
MF598621.1	1	1335626	1_1335626
EU371562.1	1	694009	1_694009
MG011352.2	1	1335626	1_1335626
MF598717.1	1	1335626	1_1335626
MG428699.1	1	277944	1_277944
KU710265.1	1	1335626	1_1335626
KU521535.1	1	277944	1_277944
KT121579.1	1	1335626	1_1335626
DQ445911.1	1	277944	1_277944
MF598618.1	1	1335626	1_1335626
KP209309.1	1	1335626	1_1335626
KF530094.1	1	694003	1_694003
KF186564.1	1	1335626	1_1335626
AY297028.1	1	694009	1_694009
KX154686.1	1	1335626	1_1335626
JF292913.1	1	694009	1_694009
AP006558.1	1	694009	1_694009
DQ415903.1	1	290028	1_290028
KY581696.1	1	1335626	1_1335626
KT026455.1	1	1335626	1_1335626
KU851864.1	1	1335626	1_1335626
KX154685.1	1	1335626	1_1335626
MH395139.1	1	1335626	1_1335626
AY559090.1	1	694009	1_694009
KF514389.1	1	694009	1_694009
MF598695.1	1	1335626	1_1335626
KU851863.1	1	1335626	1_1335626
KT368824.1	1	1335626	1_1335626
MF598715.1	1	1335626	1_1335626
MG923467.1	1	1335626	1_1335626
KT806053.1	1	1335626	1_1335626
HQ890531.1	1	694009	1_694009
KT368832.1	1	1335626	1_1335626
KP209307.1	1	1335626	1_1335626
KF530066.1	1	694003	1_694003
AY394996.1	1	694009	1_694009
KT368863.1	1	1335626	1_1335626
FJ882944.1	1	694009	1_694009
KF530061.1	1	694003	1_694003
AY595412.1	1	694009	1_694009
KY967359.1	1	694003	1_694003
MG923481.1	1	1335626	1_1335626
MF598651.1	1	1335626	1_1335626
FJ882930.1	1	694009	1_694009
KY621348.1	1	11137	1_11137
EU371560.1	1	694009	1_694009
AY395002.1	1	694009	1_694009
KT121576.1	1	1335626	1_1335626
AY559093.1	1	694009	1_694009
HQ890529.1	1	694009	1_694009
AY485277.1	1	694009	1_694009
MF598647.1	1	1335626	1_1335626
AY572034.1	1	694009	1_694009
KX179500.1	1	277944	1_277944
DQ415900.1	1	290028	1_290028
KF923923.1	1	694003	1_694003
MF598662.1	1	1335626	1_1335626
HQ890536.1	1	694009	1_694009
KF530106.1	1	277944	1_277944
MG011348.1	1	1335626	1_1335626
JX162087.1	1	694009	1_694009
KT806044.1	1	1335626	1_1335626
KF530083.1	1	694003	1_694003
AY394995.1	1	694009	1_694009
AY572035.1	1	694009	1_694009
KY684760.1	1	11137	1_11137
MG366881.1	1	1335626	1_1335626
KY581690.1	1	1335626	1_1335626
GU553363.1	1	694009	1_694009
AY559084.1	1	694009	1_694009
KY554972.1	1	694003	1_694003
MH371127.1	1	1335626	1_1335626
MG011353.2	1	1335626	1_1335626
MF598645.1	1	1335626	1_1335626
MG923475.1	1	1335626	1_1335626
MF598712.1	1	1335626	1_1335626
KF514420.1	1	694009	1_694009
KF923914.1	1	694003	1_694003
FJ882955.1	1	694009	1_694009
KX538969.1	1	694003	1_694003
MF598688.1	1	1335626	1_1335626
EU371561.1	1	694009	1_694009
KF923900.1	1	694003	1_694003
MF598675.1	1	1335626	1_1335626
KF530063.1	1	694003	1_694003
KF514416.1	1	694009	1_694009
KT374054.1	1	1335626	1_1335626
DQ415912.1	1	290028	1_290028
KX034097.1	1	1335626	1_1335626
AY304495.1	1	694009	1_694009
FJ882960.1	1	694009	1_694009
AY427439.1	1	694009	1_694009
MF598638.1	1	1335626	1_1335626
KT368846.1	1	1335626	1_1335626
JF292912.1	1	694009	1_694009
KT026454.1	1	1335626	1_1335626
MF598622.1	1	1335626	1_1335626
KJ614529.1	1	1335626	1_1335626
KF514391.1	1	694009	1_694009
MF598700.1	1	1335626	1_1335626
KT368842.1	1	1335626	1_1335626
KF530114.1	1	277944	1_277944
AY613950.1	1	694009	1_694009
MF598602.1	1	1335626	1_1335626
KF514433.1	1	11137	1_11137
MF598650.1	1	1335626	1_1335626
KR011264.1	1	1335626	1_1335626
KY996417.1	1	11137	1_11137
KT368860.1	1	1335626	1_1335626
AY310120.1	1	694009	1_694009
AY283796.1	1	694009	1_694009
AY394987.1	1	694009	1_694009
KY554969.1	1	277944	1_277944
KX154689.1	1	1335626	1_1335626
MF598690.1	1	1335626	1_1335626
KF530074.1	1	694003	1_694003
KF530095.1	1	694003	1_694003
KF530098.1	1	694003	1_694003
FJ882948.1	1	694009	1_694009
KF514418.1	1	694009	1_694009
AY686864.1	1	694009	1_694009
KF686340.1	1	290028	1_290028
AY559096.1	1	694009	1_694009
DQ415911.1	1	290028	1_290028
KT368880.1	1	1335626	1_1335626
KJ650295.1	1	1335626	1_1335626
HQ890539.1	1	694009	1_694009
HQ890534.1	1	694009	1_694009
AY394850.2	1	694009	1_694009
KF514404.1	1	694009	1_694009
KM027257.1	1	1335626	1_1335626
KT368828.1	1	1335626	1_1335626
FJ882932.1	1	694009	1_694009
FJ882934.1	1	694009	1_694009
AY345987.1	1	694009	1_694009
MF598664.1	1	1335626	1_1335626
KF530081.1	1	694003	1_694003
MG428702.1	1	277944	1_277944
MG923470.1	1	1335626	1_1335626
AY291451.1	1	694009	1_694009
AY362698.1	1	694009	1_694009
AY515512.1	1	694009	1_694009
KT368840.1	1	1335626	1_1335626
KP719929.1	1	1335626	1_1335626
FJ882929.1	1	694009	1_694009
MF598654.1	1	1335626	1_1335626
KF923899.1	1	694003	1_694003
AY508724.1	1	694009	1_694009
KF514403.1	1	694009	1_694009
KT156560.1	1	1335626	1_1335626
AY278741.1	1	694009	1_694009
MF598606.1	1	1335626	1_1335626
KY581693.1	1	1335626	1_1335626
MF314143.1	1	694003	1_694003
FJ882939.1	1	694009	1_694009
KX154694.1	1	1335626	1_1335626
KX034100.1	1	1335626	1_1335626
MG977445.1	1	694003	1_694003
KF514419.1	1	694009	1_694009
KF514423.1	1	694009	1_694009
MF598599.1	1	1335626	1_1335626
KJ477102.1	1	1335626	1_1335626
KF530068.1	1	694003	1_694003
MF598671.1	1	1335626	1_1335626
AY394994.1	1	694009	1_694009
KF961222.1	1	1335626	1_1335626
KF600612.1	1	1335626	1_1335626
FJ882935.1	1	694009	1_694009
MG923472.1	1	1335626	1_1335626
HQ890532.1	1	694009	1_694009
AY864805.1	1	694009	1_694009
KX538966.1	1	694003	1_694003
MF598686.1	1	1335626	1_1335626
KM027259.1	1	1335626	1_1335626
KF430201.1	1	290028	1_290028
KF600627.1	1	1335626	1_1335626
KY829118.1	1	277944	1_277944
AY291315.1	1	694009	1_694009
MF598722.1	1	1335626	1_1335626
KT368854.1	1	1335626	1_1335626
KF530096.1	1	694003	1_694003
KT121577.1	1	1335626	1_1335626
MF598683.1	1	1335626	1_1335626
KF514417.1	1	694009	1_694009
KY581691.1	1	1335626	1_1335626
KT381875.1	1	277944	1_277944
AY463060.1	1	694009	1_694009
MF598680.1	1	1335626	1_1335626
DQ339101.1	1	290028	1_290028
KU710264.1	1	1335626	1_1335626
KY688122.1	1	1335626	1_1335626
KT121574.1	1	1335626	1_1335626
KT368861.1	1	1335626	1_1335626
MF598657.1	1	1335626	1_1335626
KF530070.1	1	694003	1_694003
KP719933.1	1	1335626	1_1335626
KT368882.1	1	1335626	1_1335626
MG772808.1	1	277944	1_277944
KF923912.1	1	694003	1_694003
KF923913.1	1	694003	1_694003
KF530108.1	1	277944	1_277944
MF598609.1	1	1335626	1_1335626
JQ765571.1	1	277944	1_277944
DQ415901.1	1	290028	1_290028
JN129835.1	1	694003	1_694003
KT368866.1	1	1335626	1_1335626
MF598721.1	1	1335626	1_1335626
KJ156910.1	1	1335626	1_1335626
DQ415899.1	1	290028	1_290028
KF530113.1	1	277944	1_277944
DQ415896.1	1	290028	1_290028
MF598696.1	1	1335626	1_1335626
KY673149.1	1	1335626	1_1335626
KT779555.1	1	290028	1_290028
KF530080.1	1	694003	1_694003
FJ882962.1	1	694009	1_694009
MG011347.1	1	1335626	1_1335626
FJ882928.1	1	694009	1_694009
AY654624.1	1	694009	1_694009
KF530088.1	1	694003	1_694003
MF598668.1	1	1335626	1_1335626
KT368868.1	1	1335626	1_1335626
KY581689.1	1	1335626	1_1335626
AY394998.1	1	694009	1_694009
KT368847.1	1	1335626	1_1335626
AY357076.1	1	694009	1_694009
KF600632.1	1	1335626	1_1335626
MG428706.1	1	277944	1_277944
KF530107.1	1	277944	1_277944
MF598624.1	1	1335626	1_1335626
KF923909.1	1	694003	1_694003
KF514396.1	1	694009	1_694009
AY559094.1	1	694009	1_694009
KX034098.1	1	1335626	1_1335626
AP006561.1	1	694009	1_694009
KJ813439.1	1	1335626	1_1335626
KF514401.1	1	694009	1_694009
KX154693.1	1	1335626	1_1335626
MF598626.1	1	1335626	1_1335626
KT368826.1	1	1335626	1_1335626
KJ156869.1	1	1335626	1_1335626
AY772062.1	1	694009	1_694009
KT368871.1	1	1335626	1_1335626
MF598702.1	1	1335626	1_1335626
KY581700.1	1	1335626	1_1335626
JF292911.1	1	694009	1_694009
KF530112.1	1	277944	1_277944
AY686863.1	1	694009	1_694009
MG011362.1	1	1335626	1_1335626
FJ882943.1	1	694009	1_694009
JX163927.1	1	694009	1_694009
KY581688.1	1	1335626	1_1335626
HQ890540.1	1	694009	1_694009
KT368889.1	1	1335626	1_1335626
KT225476.2	1	1335626	1_1335626
KM210277.1	1	1335626	1_1335626
MF598598.1	1	1335626	1_1335626
KU131570.1	1	694003	1_694003
KY674919.1	1	11137	1_11137
KF514408.1	1	694009	1_694009
MF598681.1	1	1335626	1_1335626
KY369910.1	1	11137	1_11137
KT368884.1	1	1335626	1_1335626
KF514430.1	1	11137	1_11137
KT806046.1	1	1335626	1_1335626
AY559086.1	1	694009	1_694009
AY278488.2	1	694009	1_694009
KX538974.1	1	694003	1_694003
MF598604.1	1	1335626	1_1335626
MF598705.1	1	1335626	1_1335626
KF514421.1	1	694009	1_694009
KT368864.1	1	1335626	1_1335626
KJ156881.1	1	1335626	1_1335626
HQ890538.1	1	694009	1_694009
KU851862.1	1	1335626	1_1335626
KX108937.1	1	1335626	1_1335626
MF598719.1	1	1335626	1_1335626
MF598594.1	1	1335626	1_1335626
KY674920.1	1	694003	1_694003
KT368850.1	1	1335626	1_1335626
KP209310.1	1	1335626	1_1335626
AY559085.1	1	694009	1_694009
KY581686.1	1	1335626	1_1335626
AY282752.2	1	694009	1_694009
AY394992.1	1	694009	1_694009
JQ765573.1	1	277944	1_277944
MF598704.1	1	1335626	1_1335626
HQ890544.1	1	694009	1_694009
FJ882941.1	1	694009	1_694009
KT156561.1	1	1335626	1_1335626
KT368827.1	1	1335626	1_1335626
JF292908.1	1	694009	1_694009
KP209311.1	1	1335626	1_1335626
JF292904.1	1	694009	1_694009
KF923916.1	1	694003	1_694003
MF598615.1	1	1335626	1_1335626
AY304488.1	1	694009	1_694009
KU308549.1	1	1335626	1_1335626
FJ882956.1	1	694009	1_694009
KF530082.1	1	694003	1_694003
AY394986.1	1	694009	1_694009
KR011263.1	1	1335626	1_1335626
MF598605.1	1	1335626	1_1335626
AY338174.1	1	694009	1_694009
MF598714.1	1	1335626	1_1335626
KF530079.1	1	694003	1_694003
KT368852.1	1	1335626	1_1335626
DQ182595.1	1	694009	1_694009
AY545917.1	1	694009	1_694009
AY502932.1	1	694009	1_694009
KY688124.1	1	1335626	1_1335626
MG923474.1	1	1335626	1_1335626
MF598597.1	1	1335626	1_1335626
DQ415902.1	1	290028	1_290028
KP198610.1	1	694003	1_694003
MG011345.2	1	1335626	1_1335626
AY278490.3	1	694009	1_694009
KF530104.1	1	277944	1_277944
MF598637.1	1	1335626	1_1335626
FJ882952.1	1	694009	1_694009
KF600647.1	1	1335626	1_1335626
MG977451.1	1	694003	1_694003
KX154688.1	1	1335626	1_1335626
KM027260.1	1	1335626	1_1335626
KF530099.1	1	694003	1_694003
JQ765567.1	1	277944	1_277944
KT121581.1	1	1335626	1_1335626
AY613948.1	1	694009	1_694009
AY395001.1	1	694009	1_694009
MF598720.1	1	1335626	1_1335626
JX503061.1	1	11137	1_11137
DQ445912.1	1	277944	1_277944
KF923908.1	1	694003	1_694003
KF514410.1	1	694009	1_694009
KY554970.1	1	277944	1_277944
JQ765565.1	1	277944	1_277944
DQ415914.1	1	290028	1_290028
AY394993.1	1	694009	1_694009
KF923896.1	1	694003	1_694003
MF598661.1	1	1335626	1_1335626
KT374052.1	1	1335626	1_1335626
HQ890527.1	1	694009	1_694009
KX108939.1	1	1335626	1_1335626
MF598678.1	1	1335626	1_1335626
HQ890542.1	1	694009	1_694009
MG011357.2	1	1335626	1_1335626
KF514411.1	1	694009	1_694009
KT121575.1	1	1335626	1_1335626
MH454272.1	1	1335626	1_1335626
KP209308.1	1	1335626	1_1335626
KJ713299.1	1	1335626	1_1335626
MF598703.1	1	1335626	1_1335626
KY983585.1	1	694003	1_694003
AY502928.1	1	694009	1_694009
KT368873.1	1	1335626	1_1335626
KF923886.1	1	694003	1_694003
KY674921.1	1	290028	1_290028
KT368839.1	1	1335626	1_1335626
KF923907.1	1	694003	1_694003
KJ958218.1	1	694003	1_694003
MF598697.1	1	1335626	1_1335626
JF292921.1	1	694009	1_694009
MF598653.1	1	1335626	1_1335626
MF598658.1	1	1335626	1_1335626
KY369905.1	1	694003	1_694003
MG011341.1	1	1335626	1_1335626
KF923904.1	1	694003	1_694003
KY581692.1	1	1335626	1_1335626
KF923924.1	1	694003	1_694003
JF292916.1	1	694009	1_694009
FJ959407.1	1	694009	1_694009
KF530067.1	1	694003	1_694003
KF923919.1	1	694003	1_694003
KT368836.1	1	1335626	1_1335626
MF598652.1	1	1335626	1_1335626
KY581684.1	1	1335626	1_1335626
KT368856.1	1	1335626	1_1335626
KX108943.1	1	1335626	1_1335626
KF530084.1	1	694003	1_694003
KT368844.1	1	1335626	1_1335626
KT368837.1	1	1335626	1_1335626
KX538979.1	1	694003	1_694003
KF923910.1	1	694003	1_694003
AY545919.1	1	694009	1_694009
NC_004718.3	1	694009	1_694009
KF530069.1	1	694003	1_694003
KY674941.1	1	290028	1_290028
MG923477.1	1	1335626	1_1335626
HQ890535.1	1	694009	1_694009
MG923469.1	1	1335626	1_1335626
MF598643.1	1	1335626	1_1335626
JX104161.1	1	277944	1_277944
JF292922.1	1	694009	1_694009
KJ156944.1	1	1335626	1_1335626
KX538976.1	1	694003	1_694003
KF514405.1	1	694009	1_694009
KX108940.1	1	1335626	1_1335626
KY967361.1	1	694003	1_694003
KF600628.1	1	1335626	1_1335626
KF600651.1	1	1335626	1_1335626
KY369911.1	1	11137	1_11137
MF598679.1	1	1335626	1_1335626
MF598627.1	1	1335626	1_1335626
KF923889.1	1	694003	1_694003
KF530078.1	1	694003	1_694003
KT368855.1	1	1335626	1_1335626
AY559082.1	1	694009	1_694009
MF598600.1	1	1335626	1_1335626
KY688123.1	1	1335626	1_1335626
KX538970.1	1	694003	1_694003
KM210278.1	1	1335626	1_1335626
KU851859.1	1	1335626	1_1335626
JN854286.1	1	694009	1_694009
KF530105.1	1	277944	1_277944
KF686342.1	1	290028	1_290028
KY369906.1	1	694003	1_694003
AY585229.1	1	694003	1_694003
AY518894.1	1	277944	1_277944
KF514407.1	1	694009	1_694009
AY545915.1	1	694009	1_694009
MF598713.1	1	1335626	1_1335626
JF292918.1	1	694009	1_694009
KM027256.1	1	1335626	1_1335626
KP719927.1	1	1335626	1_1335626
MF598711.1	1	1335626	1_1335626
MF598620.1	1	1335626	1_1335626
AY279354.2	1	694009	1_694009
KY983586.1	1	277944	1_277944
KF514394.1	1	694009	1_694009
MF598676.1	1	1335626	1_1335626
KT026456.1	1	1335626	1_1335626
MG011340.1	1	1335626	1_1335626
AY502923.1	1	694009	1_694009
KY554975.1	1	694003	1_694003
AY278554.2	1	694009	1_694009
JX163923.1	1	694009	1_694009
MF598677.1	1	1335626	1_1335626
MG011354.2	1	1335626	1_1335626
KT368830.1	1	1335626	1_1335626
KT368862.1	1	1335626	1_1335626
KC164505.2	1	1335626	1_1335626
MG011350.1	1	1335626	1_1335626
AY394985.1	1	694009	1_694009
AY338175.1	1	694009	1_694009
MG977444.1	1	694003	1_694003
FJ882937.1	1	694009	1_694009
KP719930.1	1	1335626	1_1335626
FJ882950.1	1	694009	1_694009
MF542265.1	1	11137	1_11137
DQ415908.1	1	290028	1_290028
KF600634.1	1	1335626	1_1335626
AY394989.1	1	694009	1_694009
KT806047.1	1	1335626	1_1335626
FJ882940.1	1	694009	1_694009
KF530086.1	1	694003	1_694003
DQ415910.1	1	290028	1_290028
KT368870.1	1	1335626	1_1335626
KU242424.1	1	1335626	1_1335626
KF600645.1	1	1335626	1_1335626
KT806051.1	1	1335626	1_1335626
FJ882959.1	1	694009	1_694009
AY597011.2	1	290028	1_290028
MG428705.1	1	277944	1_277944
KJ650098.1	1	1335626	1_1335626
MF598648.1	1	1335626	1_1335626
FJ882942.1	1	694009	1_694009
HQ890533.1	1	694009	1_694009
KF186566.1	1	1335626	1_1335626
JF292917.1	1	694009	1_694009
FJ882958.1	1	694009	1_694009
KJ156934.1	1	1335626	1_1335626
KF530071.1	1	694003	1_694003
KY674917.1	1	694003	1_694003
KT368874.1	1	1335626	1_1335626
AY394983.1	1	694009	1_694009
KF186565.1	1	1335626	1_1335626
AY391777.1	1	694003	1_694003
KY369914.1	1	11137	1_11137
MF598640.1	1	1335626	1_1335626
AY502927.1	1	694009	1_694009
KX154690.1	1	1335626	1_1335626
FJ882933.1	1	694009	1_694009
FJ938067.1	1	694003	1_694003
MH432120.1	1	1335626	1_1335626
KF514392.1	1	694009	1_694009
KT368876.1	1	1335626	1_1335626
DQ415905.1	1	290028	1_290028
MF598649.1	1	1335626	1_1335626
JX163924.1	1	694009	1_694009
MG011356.1	1	1335626	1_1335626
KJ958219.1	1	694003	1_694003
KT374050.1	1	1335626	1_1335626
AY502930.1	1	694009	1_694009
KF530077.1	1	694003	1_694003
MF598674.1	1	1335626	1_1335626
AY394978.1	1	694009	1_694009
KY967358.1	1	694003	1_694003
MF374984.1	1	694003	1_694003
KX034094.1	1	1335626	1_1335626
KJ713296.1	1	1335626	1_1335626
AY395000.1	1	694009	1_694009
KF923890.1	1	694003	1_694003
KM027258.1	1	1335626	1_1335626
MF374983.2	1	694003	1_694003
AY394979.1	1	694009	1_694009
MG011359.2	1	1335626	1_1335626
AY559095.1	1	694009	1_694009
MG923466.1	1	1335626	1_1335626
AY345988.1	1	694009	1_694009
EU371563.1	1	694009	1_694009
HQ890541.1	1	694009	1_694009
MG428701.1	1	277944	1_277944
HQ890528.1	1	694009	1_694009
MG923468.1	1	1335626	1_1335626
EU371559.1	1	694009	1_694009
KX538972.1	1	694003	1_694003
MF598692.1	1	1335626	1_1335626
MG366880.1	1	1335626	1_1335626
KY688121.1	1	1335626	1_1335626
KC667074.1	1	1335626	1_1335626
KP209312.1	1	1335626	1_1335626
MF598659.1	1	1335626	1_1335626
KT368887.1	1	1335626	1_1335626
MF598646.1	1	1335626	1_1335626
KT368833.1	1	1335626	1_1335626
KY684759.1	1	694003	1_694003
KT121573.1	1	1335626	1_1335626
KJ713298.1	1	1335626	1_1335626
MF598603.1	1	1335626	1_1335626
KF600613.1	1	1335626	1_1335626
JF292903.1	1	694009	1_694009
KY983583.1	1	694003	1_694003
KF514399.1	1	694009	1_694009
KT368859.1	1	1335626	1_1335626
MG366883.1	1	1335626	1_1335626
AP006557.1	1	694009	1_694009
KF923888.1	1	694003	1_694003
JQ765566.1	1	277944	1_277944
FJ882947.1	1	694009	1_694009
KY967360.1	1	694003	1_694003
MF598629.1	1	1335626	1_1335626
KX538973.1	1	694003	1_694003
KF917527.1	1	1335626	1_1335626
KF923892.1	1	694003	1_694003
FJ882953.1	1	694009	1_694009
KJ361503.1	1	1335626	1_1335626
KF530075.1	1	694003	1_694003
KF923911.1	1	694003	1_694003
JX163925.1	1	694009	1_694009
FJ882926.1	1	694009	1_694009
KT368877.1	1	1335626	1_1335626
KU851860.1	1	1335626	1_1335626
KY369908.1	1	11137	1_11137
KT368878.1	1	1335626	1_1335626
KT368845.1	1	1335626	1_1335626
HQ890526.1	1	694009	1_694009
KF530097.1	1	694003	1_694003
AY559081.1	1	694009	1_694009
KP719928.1	1	1335626	1_1335626
KF514398.1	1	694009	1_694009
JQ765569.1	1	277944	1_277944
KY554968.1	1	277944	1_277944
MF598673.1	1	1335626	1_1335626
KY674914.1	1	11137	1_11137
KY581695.1	1	1335626	1_1335626
KX034096.1	1	1335626	1_1335626
KT368875.1	1	1335626	1_1335626
KT326819.1	1	1335626	1_1335626
MG923479.1	1	1335626	1_1335626
JX163928.1	1	694009	1_694009
KF530072.1	1	694003	1_694003
KT368881.1	1	1335626	1_1335626
KT368890.1	1	1335626	1_1335626
KY674916.1	1	277944	1_277944
KT374056.1	1	1335626	1_1335626
KF923920.1	1	694003	1_694003
KT877351.1	1	1335626	1_1335626
MG923480.1	1	1335626	1_1335626
KT368886.1	1	1335626	1_1335626
KY014282.1	1	694003	1_694003
KT368885.1	1	1335626	1_1335626
MF598687.1	1	1335626	1_1335626
KF514422.1	1	694009	1_694009
KT806055.1	1	1335626	1_1335626
AY394990.1	1	694009	1_694009
KF923901.1	1	694003	1_694003
KY674915.1	1	277944	1_277944
KF600620.1	1	1335626	1_1335626
KT368879.1	1	1335626	1_1335626
KF686341.1	1	290028	1_290028
KX034099.1	1	1335626	1_1335626
KF923925.1	1	694003	1_694003
MF598698.1	1	1335626	1_1335626
KX108938.1	1	1335626	1_1335626
KP209306.1	1	1335626	1_1335626
MG011349.1	1	1335626	1_1335626
KT368872.1	1	1335626	1_1335626
AY348314.1	1	694009	1_694009
AY323977.2	1	694009	1_694009
KJ713295.1	1	1335626	1_1335626
KP209313.1	1	1335626	1_1335626
KF923922.1	1	694003	1_694003
HQ890543.1	1	694009	1_694009
KF530085.1	1	694003	1_694003
MF598694.1	1	1335626	1_1335626
AY278491.2	1	694009	1_694009
KY369907.1	1	694003	1_694003
MF598665.1	1	1335626	1_1335626
FJ882946.1	1	694009	1_694009
FJ882963.1	1	694009	1_694009
KX108945.1	1	1335626	1_1335626
MF598691.1	1	1335626	1_1335626
KF686343.1	1	290028	1_290028
KT751244.1	1	1335626	1_1335626
GU553364.1	1	694009	1_694009
AY463059.1	1	694009	1_694009
KY674918.1	1	694003	1_694003
MF598663.1	1	1335626	1_1335626
KF514415.1	1	694009	1_694009
AY283798.2	1	694009	1_694009
KF514395.1	1	694009	1_694009
MG428703.1	1	277944	1_277944
DQ415898.1	1	290028	1_290028
MF598644.1	1	1335626	1_1335626
AY461660.1	1	694009	1_694009
KP719931.1	1	1335626	1_1335626
KF530076.1	1	694003	1_694003
KT029139.1	1	1335626	1_1335626
FJ882957.1	1	694009	1_694009
KR011266.1	1	1335626	1_1335626
KJ361500.1	1	1335626	1_1335626
MG011360.1	1	1335626	1_1335626
KX538971.1	1	694003	1_694003
JF292919.1	1	694009	1_694009
KT368831.1	1	1335626	1_1335626
KF530087.1	1	694003	1_694003
KX108946.1	1	1335626	1_1335626
KF923921.1	1	694003	1_694003
MF598608.1	1	1335626	1_1335626
AY502931.1	1	694009	1_694009
AY502929.1	1	694009	1_694009
KY688120.1	1	1335626	1_1335626
AY559097.1	1	694009	1_694009
MF598612.1	1	1335626	1_1335626
AY278487.3	1	694009	1_694009
KT877350.1	1	1335626	1_1335626
KX538965.1	1	694003	1_694003
AY394997.1	1	694009	1_694009
KX154692.1	1	1335626	1_1335626
MF598670.1	1	1335626	1_1335626
AY502925.1	1	694009	1_694009
KF923905.1	1	694003	1_694003
KF961221.1	1	1335626	1_1335626
KF514409.1	1	694009	1_694009
JF292905.1	1	694009	1_694009
MG977449.1	1	694003	1_694003
EU371564.1	1	694009	1_694009
MG977452.1	1	694003	1_694003
KF923903.1	1	694003	1_694003
KF923891.1	1	694003	1_694003
KF923917.1	1	694003	1_694003
KY688118.1	1	1335626	1_1335626
KF600644.1	1	1335626	1_1335626
AY283797.1	1	694009	1_694009
KT861627.1	1	1335626	1_1335626
KU851861.1	1	1335626	1_1335626
KF745068.1	1	1335626	1_1335626
HQ890546.1	1	694009	1_694009
HQ890530.1	1	694009	1_694009
AY559087.1	1	694009	1_694009
NC_019843.3	1	1335626	1_1335626
KF514390.1	1	694009	1_694009
FJ882951.1	1	694009	1_694009
MF598667.1	1	1335626	1_1335626
MF598595.1	1	1335626	1_1335626
AY559088.1	1	694009	1_694009
AY714217.1	1	694009	1_694009
AY394981.1	1	694009	1_694009
JQ900256.1	1	277944	1_277944
AY394980.1	1	694009	1_694009
KF686338.1	1	290028	1_290028
JQ900255.1	1	277944	1_277944
AY394988.1	1	694009	1_694009
KF430202.1	1	290028	1_290028
NC_005831.2	1	277944	1_277944
JQ900259.1	1	277944	1_277944
JQ900260.1	1	277944	1_277944
JQ900258.1	1	277944	1_277944
KY983584.1	1	290028	1_290028
AY394982.1	1	694009	1_694009
KF850450.2	1	290028	1_290028
KF430196.1	1	290028	1_290028
AY394977.1	1	694009	1_694009
KF430199.1	1	290028	1_290028
KF686345.1	1	290028	1_290028
AY395004.1	1	694009	1_694009
KF686339.1	1	290028	1_290028
KF430200.1	1	290028	1_290028
JQ900257.1	1	277944	1_277944
AY394984.1	1	694009	1_694009
KM349744.1	0	2501960	0_2501960
NC_028806.1	0	693997	0_693997
KT253325.1	0	11137	0_11137
NC_025217.1	0	2501961	0_2501961
JQ065043.2	0	1965089	0_1965089
KX443143.1	0	1965089	0_1965089
KP143512.1	0	693997	0_693997
KY363867.1	0	1965089	0_1965089
LC260045.1	0	1965089	0_1965089
KM012168.1	0	1965089	0_1965089
DQ071615.1	0	694009	0_694009
KF530123.1	0	693997	0_693997
KT368911.1	0	11137	0_11137
JN874560.1	0	1160968	0_1160968
NC_018871.1	0	1244203	0_1244203
KF793825.1	0	694015	0_694015
EF424615.1	0	694003	0_694003
HM211098.1	0	694006	0_694006
EU022525.1	0	694014	0_694014
JX993987.1	0	694009	0_694009
FJ425184.1	0	694003	0_694003
FJ647227.1	0	694005	0_694005
FJ938055.1	0	693997	0_693997
KR265861.1	0	1965089	0_1965089
KF906249.1	0	694003	0_694003
MF593473.1	0	11137	0_11137
FJ647219.1	0	694005	0_694005
KT021234.1	0	1965089	0_1965089
LC061272.1	0	694003	0_694003
DQ286389.1	0	693997	0_693997
GQ153546.1	0	694009	0_694009
GU553362.1	0	693997	0_693997
FJ647218.1	0	694005	0_694005
GQ153539.1	0	694009	0_694009
KY293678.1	0	1965089	0_1965089
KY566209.1	0	693997	0_693997
JQ989268.1	0	1244203	0_1244203
KR265863.1	0	1965089	0_1965089
GQ153540.1	0	694009	0_694009
FJ647220.1	0	694005	0_694005
JQ989273.1	0	1244203	0_1244203
NC_016994.1	0	1159904	0_1159904
KR822424.1	0	694014	0_694014
KJ584356.1	0	1965089	0_1965089
MG021451.1	0	1335626	0_1335626
FJ938057.1	0	693997	0_693997
KY354364.1	0	1965089	0_1965089
MH021175.1	0	694014	0_694014
KM349743.1	0	2501960	0_2501960
KP886808.1	0	694009	0_694009
AF220295.1	0	694003	0_694003
KT368902.1	0	11137	0_11137
KX022602.1	0	1965089	0_1965089
KR265853.1	0	1965089	0_1965089
HQ392470.1	0	693997	0_693997
KR265854.1	0	1965089	0_1965089
FJ647221.1	0	694005	0_694005
NC_026011.1	0	2501960	0_2501960
LC260039.1	0	1965089	0_1965089
KJ620016.1	0	1965089	0_1965089
KY417142.1	0	694009	0_694009
KT253326.1	0	11137	0_11137
KU665558.1	0	1965089	0_1965089
KT368896.1	0	11137	0_11137
KY417147.1	0	694009	0_694009
DQ022305.2	0	694009	0_694009
MF280390.1	0	1965089	0_1965089
KP143508.1	0	693997	0_693997
KP143507.1	0	693997	0_693997
KJ567050.1	0	1965089	0_1965089
EF065509.1	0	694008	0_694008
KY073745.1	0	2501929	0_2501929
KY417151.1	0	694009	0_694009
GQ477367.1	0	693997	0_693997
KT368909.1	0	11137	0_11137
KU215426.1	0	693997	0_693997
MH043952.1	0	694003	0_694003
FJ425189.1	0	694003	0_694003
KT368915.1	0	11137	0_11137
MG242062.1	0	1965089	0_1965089
KR265859.1	0	1965089	0_1965089
FJ376622.1	0	1297661	0_1297661
EF065508.1	0	694007	0_694007
KJ481931.1	0	1965089	0_1965089
KX834351.1	0	1965089	0_1965089
GQ153548.1	0	694009	0_694009
JQ989269.1	0	1244203	0_1244203
DQ084199.1	0	694009	0_694009
HQ392472.1	0	693997	0_693997
NC_016996.1	0	1159902	0_1159902
KF367457.1	0	694009	0_694009
FJ647226.1	0	694005	0_694005
DQ412042.1	0	694009	0_694009
MG021452.1	0	1335626	0_1335626
KT368903.1	0	11137	0_11137
KR265862.1	0	1965089	0_1965089
KT368910.1	0	11137	0_11137
EF203067.1	0	693998	0_693998
MH043955.1	0	694003	0_694003
MF642322.1	0	1965089	0_1965089
EF203064.1	0	693998	0_693998
EF424622.1	0	694003	0_694003
LC260041.1	0	1965089	0_1965089
KP143509.1	0	693997	0_693997
NC_012936.1	0	694005	0_694005
KY799179.1	0	1913643	0_1913643
KP887098.1	0	694005	0_694005
EF424621.1	0	694003	0_694003
LC260042.1	0	1965089	0_1965089
EF424624.1	0	694003	0_694003
MF431742.1	0	1965089	0_1965089
KU051641.1	0	1965089	0_1965089
KY513724.1	0	1965089	0_1965089
GQ427173.1	0	694014	0_694014
KF268336.1	0	694005	0_694005
KJ462462.1	0	1965089	0_1965089
KX022604.1	0	1965089	0_1965089
KT368894.1	0	11137	0_11137
KT253327.1	0	11137	0_11137
KY933089.1	0	694014	0_694014
EF065515.1	0	694006	0_694006
NC_016995.1	0	1159908	0_1159908
KR265850.1	0	1965089	0_1965089
KT368906.1	0	11137	0_11137
MF041982.1	0	1965089	0_1965089
JF792617.1	0	694005	0_694005
KX022603.1	0	1965089	0_1965089
LC215871.1	0	1264898	0_1264898
KU215427.1	0	693997	0_693997
KU215420.1	0	693997	0_693997
EF424620.1	0	694003	0_694003
JQ065046.1	0	1159903	0_1159903
GQ153544.1	0	694009	0_694009
MF431743.1	0	1965089	0_1965089
KX722530.1	0	693997	0_693997
KY063618.2	0	693997	0_693997
EF065507.1	0	694007	0_694007
EF065506.1	0	694007	0_694007
LC260038.1	0	1965089	0_1965089
KJ601778.1	0	1965089	0_1965089
KY293677.1	0	1965089	0_1965089
KF268337.1	0	694005	0_694005
DQ084200.1	0	694009	0_694009
FJ938059.1	0	693997	0_693997
KT368913.1	0	11137	0_11137
KY566210.1	0	693997	0_693997
GQ152141.1	0	693997	0_693997
FJ938051.1	0	693997	0_693997
KT368898.1	0	11137	0_11137
KU981060.1	0	1965089	0_1965089
MG596802.1	0	1335626	0_1335626
GQ427176.1	0	694014	0_694014
MF095123.1	0	1965089	0_1965089
KR265856.1	0	1965089	0_1965089
KX982264.1	0	694003	0_694003
KR265849.1	0	1965089	0_1965089
FJ425187.1	0	694003	0_694003
MG772933.1	0	694009	0_694009
KC881005.1	0	694009	0_694009
FJ938065.1	0	694003	0_694003
KU215421.1	0	693997	0_693997
KM820765.1	0	1965089	0_1965089
KU215423.1	0	693997	0_693997
FJ425188.1	0	694003	0_694003
KU886219.1	0	694003	0_694003
KT368897.1	0	11137	0_11137
KT368899.1	0	11137	0_11137
KX722529.1	0	693997	0_693997
KT368905.1	0	11137	0_11137
KU981059.1	0	1965089	0_1965089
JN183882.1	0	693997	0_693997
HQ012368.1	0	693997	0_693997
KF906251.1	0	694003	0_694003
HM211101.1	0	694006	0_694006
NC_032730.1	0	1508224	0_1508224
KY417150.1	0	694009	0_694009
KP757891.1	0	1965089	0_1965089
LC260044.1	0	1965089	0_1965089
LC061274.1	0	694003	0_694003
FJ938058.1	0	693997	0_693997
MG762674.1	0	694006	0_694006
JN874562.1	0	1160968	0_1160968
KC545386.1	0	1965093	0_1965093
MG837130.1	0	1965089	0_1965089
JX169867.1	0	694005	0_694005
FJ647223.1	0	694005	0_694005
JN856008.2	0	693997	0_693997
JQ989272.1	0	1244203	0_1244203
GQ153541.1	0	694009	0_694009
NC_022103.1	0	1913643	0_1913643
KF793824.1	0	694015	0_694015
JX993988.1	0	694009	0_694009
KY417145.1	0	694009	0_694009
KY073746.1	0	2501929	0_2501929
KF906250.1	0	694003	0_694003
DQ648794.1	0	694007	0_694007
JN183883.1	0	693997	0_693997
DQ648856.1	0	694009	0_694009
FJ938053.1	0	693997	0_693997
JQ989267.1	0	1244203	0_1244203
EF065512.1	0	694008	0_694008
HQ012370.1	0	693997	0_693997
KR265855.1	0	1965089	0_1965089
U00735.2	0	694003	0_694003
JN874561.1	0	1160968	0_1160968
KT266822.1	0	1965089	0_1965089
KY063617.1	0	693997	0_693997
EU186072.1	0	693997	0_693997
KT253324.1	0	11137	0_11137
HQ392469.1	0	693997	0_693997
KU973692.1	0	694009	0_694009
KU291449.1	0	11137	0_11137
DQ648857.1	0	694009	0_694009
KY626044.1	0	694014	0_694014
KP757892.1	0	1965089	0_1965089
KM454473.1	0	694014	0_694014
EF424618.1	0	694003	0_694003
KT368904.1	0	11137	0_11137
KY364365.1	0	1965089	0_1965089
KJ601779.1	0	1965089	0_1965089
KJ601780.1	0	1965089	0_1965089
KY417146.1	0	694009	0_694009
KR150443.1	0	1965089	0_1965089
KX834352.1	0	1965089	0_1965089
LC061273.1	0	694003	0_694003
EF065514.1	0	694006	0_694006
KT368912.1	0	11137	0_11137
KY073747.1	0	11137	0_11137
KC881006.1	0	694009	0_694009
KY417152.1	0	694009	0_694009
KJ569769.1	0	1965089	0_1965089
GQ427174.1	0	694014	0_694014
KY933090.1	0	694014	0_694014
MG837131.1	0	1965089	0_1965089
KY354363.1	0	1965089	0_1965089
KU215425.1	0	693997	0_693997
KJ584358.1	0	1965089	0_1965089
KU558922.1	0	694003	0_694003
KR265864.1	0	1965089	0_1965089
MH043954.1	0	694003	0_694003
KY566211.1	0	693997	0_693997
EF065511.1	0	694008	0_694008
KP143511.1	0	693997	0_693997
EF203065.1	0	693998	0_693998
KT368908.1	0	11137	0_11137
KP143510.1	0	693997	0_693997
EF424623.1	0	694003	0_694003
JX169866.1	0	694005	0_694005
EU022526.1	0	694014	0_694014
KP981395.1	0	1965089	0_1965089
HQ012369.1	0	693997	0_693997
KX432213.1	0	694003	0_694003
HQ012371.1	0	693997	0_693997
HM211100.1	0	694006	0_694006
KF569996.1	0	694009	0_694009
FJ938064.1	0	694003	0_694003
KT368914.1	0	11137	0_11137
KR131621.1	0	1965089	0_1965089
KP981644.1	0	693997	0_693997
KR270796.1	0	693997	0_693997
KU558923.1	0	694003	0_694003
HQ012372.1	0	693997	0_693997
FJ938061.1	0	693997	0_693997
KP849472.1	0	693997	0_693997
JF792616.1	0	694005	0_694005
KU981062.1	0	1965089	0_1965089
FJ938056.1	0	693997	0_693997
KJ601777.1	0	1965089	0_1965089
EU420137.1	0	694000	0_694000
EF065516.1	0	694006	0_694006
JQ408980.1	0	693997	0_693997
NC_016992.1	0	1159906	0_1159906
KT381613.1	0	1965089	0_1965089
NC_010437.1	0	694000	0_694000
EF446615.1	0	694003	0_694003
NC_010438.1	0	694001	0_694001
AB354579.1	0	694003	0_694003
FJ425185.1	0	694003	0_694003
KP886809.1	0	694009	0_694009
KY065120.1	0	1965089	0_1965089
FJ376619.2	0	574549	0_574549
KR265865.1	0	1965089	0_1965089
FJ938066.1	0	694003	0_694003
KY417144.1	0	694009	0_694009
DQ010921.1	0	693997	0_693997
KX022605.1	0	1965089	0_1965089
FJ938054.1	0	693997	0_693997
KT444582.1	0	1739625	0_1739625
KY063616.1	0	693997	0_693997
NC_030292.1	0	1264898	0_1264898
LC119077.1	0	1264898	0_1264898
KT368892.1	0	11137	0_11137
KR265857.1	0	1965089	0_1965089
HM211099.1	0	694006	0_694006
FJ938062.1	0	693997	0_693997
EF424619.1	0	694003	0_694003
KJ584357.1	0	1965089	0_1965089
EF065513.1	0	694006	0_694006
KU984334.1	0	1965089	0_1965089
NC_016991.1	0	1159907	0_1159907
KX512809.1	0	1264898	0_1264898
LN610099.1	0	694014	0_694014
JQ404409.1	0	693997	0_693997
KY926512.1	0	1965089	0_1965089
KY626045.1	0	694014	0_694014
DQ915164.2	0	694003	0_694003
KT253328.1	0	11137	0_11137
NC_032107.1	0	2501929	0_2501929
DQ412043.1	0	694009	0_694009
KJ769231.1	0	1965089	0_1965089
JQ404410.1	0	693997	0_693997
GQ153545.1	0	694009	0_694009
JQ410000.1	0	11137	0_11137
KU051649.1	0	1965089	0_1965089
NC_017083.1	0	1160968	0_1160968
KJ584355.1	0	1965089	0_1965089
KT368893.1	0	11137	0_11137
DQ848678.1	0	693997	0_693997
KT368895.1	0	11137	0_11137
KY417143.1	0	694009	0_694009
NC_028752.1	0	11137	0_11137
GU553361.1	0	693997	0_693997
KR265858.1	0	1965089	0_1965089
KF793826.1	0	694015	0_694015
HQ392471.1	0	693997	0_693997
KR265852.1	0	1965089	0_1965089
EF065505.1	0	694007	0_694007
KX512810.1	0	1264898	0_1264898
FJ647224.1	0	694005	0_694005
KT368901.1	0	11137	0_11137
MG518518.1	0	694003	0_694003
KF268339.1	0	694005	0_694005
GQ153547.1	0	694009	0_694009
KU215419.1	0	693997	0_693997
JQ065042.2	0	1965089	0_1965089
KY417148.1	0	694009	0_694009
FJ425190.1	0	694003	0_694003
NC_010800.1	0	694014	0_694014
FJ938052.1	0	693997	0_693997
NC_023760.1	0	1913642	0_1913642
KR265848.1	0	1965089	0_1965089
GQ153542.1	0	694009	0_694009
KX258195.1	0	694014	0_694014
FJ938060.1	0	693997	0_693997
KY292377.1	0	693997	0_693997
LT545990.1	0	693997	0_693997
JN634064.1	0	693997	0_693997
LC260040.1	0	1965089	0_1965089
KC545383.1	0	1965093	0_1965093
KU215428.1	0	693997	0_693997
KP757890.1	0	1965089	0_1965089
FJ376620.1	0	574549	0_574549
KY513725.1	0	1965089	0_1965089
KY363868.1	0	1965089	0_1965089
KR265851.1	0	1965089	0_1965089
KX118627.1	0	1965089	0_1965089
KR265860.1	0	1965089	0_1965089
KY417149.1	0	694009	0_694009
GQ153543.1	0	694009	0_694009
KY073748.1	0	11137	0_11137
MG596803.1	0	1335626	0_1335626
EF203066.1	0	693998	0_693998
KT368900.1	0	11137	0_11137
AF391542.1	0	694003	0_694003
EF424617.1	0	694003	0_694003
FJ647222.1	0	694005	0_694005
KU981061.1	0	1965089	0_1965089
MG893511.1	0	693997	0_693997
FJ938063.1	0	694003	0_694003
DQ811784.2	0	694003	0_694003
KR265847.1	0	1965089	0_1965089
LC260043.1	0	1965089	0_1965089
JF705860.1	0	694014	0_694014
MH043953.1	0	694003	0_694003
GQ427175.1	0	694014	0_694014
MG772934.1	0	694009	0_694009
HQ012367.1	0	693997	0_693997
FJ647225.1	0	694005	0_694005
MF642323.1	0	1965089	0_1965089
MF642324.1	0	1965089	0_1965089
KJ584359.1	0	1965089	0_1965089
EF065510.1	0	694008	0_694008
MF642325.1	0	1965089	0_1965089
KU215424.1	0	693997	0_693997
KU215422.1	0	693997	0_693997
KT368916.1	0	11137	0_11137
JQ989271.1	0	1244203	0_1244203
FJ376621.1	0	572290	0_572290
EF424616.1	0	694003	0_694003
NC_003045.1	0	694003	0_694003
JQ989266.1	0	1244203	0_1244203
KF268338.1	0	694005	0_694005
FJ425186.1	0	694003	0_694003
MH006965.1	0	28295	0_28295
KR265793.1	0	28295	0_28295
MG448607.1	0	694014	0_694014
KJ645691.1	0	28295	0_28295
KJ645679.1	0	28295	0_28295
KX236005.1	0	694014	0_694014
KX302861.1	0	694014	0_694014
LT898435.1	0	28295	0_28295
KJ645652.1	0	28295	0_28295
AF201929.1	0	694005	0_694005
KX252785.1	0	694014	0_694014
KY588134.1	0	694014	0_694014
EU074218.2	0	693997	0_693997
KJ425492.1	0	694014	0_694014
KJ584361.1	0	28295	0_28295
KF272920.1	0	28295	0_28295
KT323979.1	0	28295	0_28295
KP641661.1	0	28295	0_28295
KR003452.1	0	28295	0_28295
KR265759.1	0	28295	0_28295
KX252775.1	0	694014	0_694014
KJ645685.1	0	28295	0_28295
LC063819.1	0	28295	0_28295
KX302875.1	0	694014	0_694014
KR265844.1	0	28295	0_28295
KJ473816.1	0	694009	0_694009
JF330898.1	0	694014	0_694014
KF530126.1	0	693997	0_693997
MH006961.1	0	28295	0_28295
KJ645649.1	0	28295	0_28295
KU982977.1	0	28295	0_28295
KJ399978.1	0	28295	0_28295
KY793536.1	0	28295	0_28295
MH004415.1	0	28295	0_28295
KJ435286.1	0	694014	0_694014
KX252774.1	0	694014	0_694014
KJ645699.1	0	28295	0_28295
MH006959.1	0	28295	0_28295
KR265775.1	0	28295	0_28295
KT860508.1	0	28295	0_28295
LT898446.1	0	28295	0_28295
MF782686.1	0	28295	0_28295
KR265802.1	0	28295	0_28295
KU893871.1	0	28295	0_28295
JQ173883.1	0	694005	0_694005
KJ473799.1	0	694001	0_694001
KX275391.1	0	694014	0_694014
KR265766.1	0	28295	0_28295
LT900498.1	0	28295	0_28295
AY851295.1	0	694014	0_694014
KF460437.1	0	694014	0_694014
KU556807.1	0	694014	0_694014
KJ645689.1	0	28295	0_28295
LC063835.1	0	28295	0_28295
KX236016.1	0	694014	0_694014
KX499468.1	0	693997	0_693997
KY419111.1	0	694003	0_694003
KU982970.1	0	28295	0_28295
KJ645701.1	0	28295	0_28295
DQ011855.1	0	694003	0_694003
KX275390.1	0	694014	0_694014
KX259257.1	0	694014	0_694014
KX812523.1	0	28295	0_28295
LT900501.1	0	28295	0_28295
KX302867.1	0	694014	0_694014
LM645058.1	0	28295	0_28295
GQ504723.1	0	694014	0_694014
KR265845.1	0	28295	0_28295
KF384500.1	0	28295	0_28295
KJ435285.1	0	694014	0_694014
KP036505.1	0	694014	0_694014
LC216914.1	0	1965089	0_1965089
JX188454.1	0	28295	0_28295
KY111278.1	0	28295	0_28295
LC063830.1	0	28295	0_28295
KR265785.1	0	28295	0_28295
LT900500.1	0	28295	0_28295
KY967723.1	0	1508228	0_1508228
KU646831.1	0	28295	0_28295
KU356856.1	0	694014	0_694014
FJ904714.1	0	694014	0_694014
KF650373.1	0	28295	0_28295
KJ645698.1	0	28295	0_28295
KR265772.1	0	28295	0_28295
LT898425.1	0	28295	0_28295
KU982968.1	0	28295	0_28295
JX195178.1	0	694014	0_694014
KJ645671.1	0	28295	0_28295
AF207902.1	0	694005	0_694005
KR265787.1	0	28295	0_28295
KX219794.1	0	694014	0_694014
KJ425490.1	0	694014	0_694014
KP118883.1	0	694014	0_694014
LC063820.1	0	28295	0_28295
KT852992.1	0	694014	0_694014
KX219795.1	0	694014	0_694014
KF650371.1	0	28295	0_28295
KX219797.1	0	694014	0_694014
KR265782.1	0	28295	0_28295
KT203557.1	0	694014	0_694014
KR265799.1	0	28295	0_28295
KJ158152.1	0	28295	0_28295
LT898443.1	0	28295	0_28295
KX372249.1	0	694014	0_694014
MF882923.1	0	694014	0_694014
KX236003.1	0	694014	0_694014
AY646283.1	0	694014	0_694014
KF650370.1	0	28295	0_28295
NC_002306.3	0	693997	0_693997
KR265817.1	0	28295	0_28295
MH107322.1	0	28295	0_28295
KF530127.1	0	693997	0_693997
MH004420.1	0	28295	0_28295
LC063823.1	0	28295	0_28295
KJ645681.1	0	28295	0_28295
KC461237.1	0	693997	0_693997
KU982975.1	0	28295	0_28295
LC063810.1	0	28295	0_28295
KY499261.1	0	28295	0_28295
LC063822.1	0	28295	0_28295
AY514485.1	0	694014	0_694014
MF508703.1	0	694014	0_694014
KJ425506.1	0	694014	0_694014
KJ645673.1	0	28295	0_28295
KJ473797.1	0	694001	0_694001
KX364293.1	0	694014	0_694014
KX236006.1	0	694014	0_694014
LC063824.1	0	28295	0_28295
FJ904722.1	0	694014	0_694014
LT898440.1	0	28295	0_28295
KR610993.1	0	28295	0_28295
KX364290.1	0	694014	0_694014
EU418976.1	0	694014	0_694014
KJ425494.1	0	694014	0_694014
KX302874.1	0	694014	0_694014
FJ904719.1	0	694014	0_694014
KX252787.1	0	694014	0_694014
KU900743.1	0	694014	0_694014
KX302872.1	0	694014	0_694014
LC063837.1	0	28295	0_28295
LT898415.1	0	28295	0_28295
KY963963.1	0	28295	0_28295
MH052684.1	0	28295	0_28295
MH052687.1	0	28295	0_28295
AY319651.1	0	694014	0_694014
KP890336.1	0	28295	0_28295
KF761675.1	0	28295	0_28295
KU975389.1	0	28295	0_28295
KY019623.1	0	28295	0_28295
KC506155.1	0	694014	0_694014
KX247127.1	0	694014	0_694014
FJ904716.1	0	694014	0_694014
KP790145.1	0	694014	0_694014
KX083668.1	0	693997	0_693997
LT898426.1	0	28295	0_28295
KX236015.1	0	694014	0_694014
KR265822.1	0	28295	0_28295
LT898439.1	0	28295	0_28295
KJ645643.1	0	28295	0_28295
KX272465.1	0	694014	0_694014
DQ811785.1	0	693997	0_693997
LT898421.1	0	28295	0_28295
KF530133.1	0	693997	0_693997
KU297956.1	0	28295	0_28295
KX247129.1	0	694014	0_694014
KX348114.1	0	694014	0_694014
KT941120.1	0	28295	0_28295
KF530271.1	0	693997	0_693997
KM392228.1	0	28295	0_28295
KX236013.1	0	694014	0_694014
JX489155.1	0	28295	0_28295
HQ462571.1	0	693997	0_693997
KM609206.1	0	28295	0_28295
KJ645662.1	0	28295	0_28295
KJ645666.1	0	28295	0_28295
KP118880.1	0	694014	0_694014
KJ645688.1	0	28295	0_28295
JX261936.1	0	28295	0_28295
KR265770.1	0	28295	0_28295
KX185056.1	0	694014	0_694014
JF828980.1	0	694014	0_694014
DQ834384.1	0	694014	0_694014
KU900744.1	0	694014	0_694014
MH052681.1	0	28295	0_28295
KJ645651.1	0	28295	0_28295
KP118888.1	0	694014	0_694014
DQ811787.1	0	693997	0_693997
MH004416.1	0	28295	0_28295
KR873431.1	0	28295	0_28295
KR265784.1	0	28295	0_28295
KR873434.1	0	28295	0_28295
KR265779.1	0	28295	0_28295
JF274479.2	0	694014	0_694014
KX219793.1	0	694014	0_694014
KY019624.1	0	28295	0_28295
KT253269.1	0	11137	0_11137
KJ473796.1	0	694000	0_694000
KX058033.1	0	28295	0_28295
KM609205.1	0	28295	0_28295
KR265846.1	0	28295	0_28295
KF931628.1	0	694014	0_694014
KJ425488.1	0	694014	0_694014
MF281416.1	0	28295	0_28295
KT696544.1	0	693997	0_693997
HM245923.1	0	694014	0_694014
LC063839.1	0	28295	0_28295
KR610991.1	0	28295	0_28295
KX721498.1	0	694014	0_694014
KJ645639.1	0	28295	0_28295
KF267450.1	0	28295	0_28295
LT898436.1	0	28295	0_28295
MH006957.1	0	28295	0_28295
KX259251.1	0	694014	0_694014
JX840411.1	0	694014	0_694014
KR608272.1	0	694014	0_694014
KR265768.1	0	28295	0_28295
KF530117.1	0	693997	0_693997
EU714029.1	0	694014	0_694014
KY419103.1	0	694003	0_694003
KF840537.1	0	28295	0_28295
KX302868.1	0	694014	0_694014
MG334555.1	0	28295	0_28295
KX236014.1	0	694014	0_694014
KU317090.1	0	694014	0_694014
KR265828.1	0	28295	0_28295
KU982971.1	0	28295	0_28295
KP790144.1	0	694014	0_694014
GQ504722.1	0	694014	0_694014
MH052682.1	0	28295	0_28295
KX252772.1	0	694014	0_694014
KR265777.1	0	28295	0_28295
KY967734.1	0	1508228	0_1508228
MF807952.1	0	28295	0_28295
KR265786.1	0	28295	0_28295
LC053455.1	0	28295	0_28295
KX236009.1	0	694014	0_694014
KU982974.1	0	28295	0_28295
KF468753.1	0	28295	0_28295
KY407558.1	0	694014	0_694014
GU393338.1	0	694014	0_694014
EU714028.1	0	694014	0_694014
KJ425493.1	0	694014	0_694014
KF530130.1	0	693997	0_693997
KU982979.1	0	28295	0_28295
KX259256.1	0	694014	0_694014
LT898410.1	0	28295	0_28295
JQ282909.1	0	28295	0_28295
KY419105.1	0	694003	0_694003
KJ645675.1	0	28295	0_28295
KC196276.1	0	28295	0_28295
KJ425498.1	0	694014	0_694014
KX275393.1	0	694014	0_694014
KR153325.1	0	28295	0_28295
KJ645686.1	0	28295	0_28295
KJ645678.1	0	28295	0_28295
AY700211.1	0	694005	0_694005
KP790146.1	0	694014	0_694014
KJ645670.1	0	28295	0_28295
LC063840.1	0	28295	0_28295
KY407557.1	0	694014	0_694014
KJ960178.1	0	28295	0_28295
KX219798.1	0	694014	0_694014
M95169.1	0	694014	0_694014
KR265814.1	0	28295	0_28295
AB551247.1	0	694005	0_694005
KF574761.1	0	694014	0_694014
KX252779.1	0	694014	0_694014
KX252786.1	0	694014	0_694014
KY805846.1	0	694014	0_694014
LC063828.1	0	28295	0_28295
KR265781.1	0	28295	0_28295
KJ645693.1	0	28295	0_28295
KR265821.1	0	28295	0_28295
LM645057.1	0	28295	0_28295
KP162057.1	0	28295	0_28295
KR265771.1	0	28295	0_28295
KJ645707.1	0	28295	0_28295
KU893873.1	0	28295	0_28295
GU593319.1	0	694005	0_694005
KX252788.1	0	694014	0_694014
LC063826.1	0	28295	0_28295
KC210146.1	0	28295	0_28295
KR265826.1	0	28295	0_28295
KR265805.1	0	28295	0_28295
KR610992.1	0	28295	0_28295
KU982969.1	0	28295	0_28295
KP343691.1	0	694014	0_694014
KX259250.1	0	694014	0_694014
KJ645694.1	0	28295	0_28295
KX550281.1	0	28295	0_28295
KX580953.1	0	28295	0_28295
KX058075.1	0	693997	0_693997
GU393337.1	0	694014	0_694014
LT898445.1	0	28295	0_28295
LT905450.1	0	28295	0_28295
KR265841.1	0	28295	0_28295
KU982981.1	0	28295	0_28295
LC216915.1	0	1965089	0_1965089
MF462814.1	0	28295	0_28295
KT021227.1	0	28295	0_28295
KJ588062.1	0	28295	0_28295
LT898432.1	0	28295	0_28295
KJ425495.1	0	694014	0_694014
KM975736.1	0	28295	0_28295
KU361188.1	0	694014	0_694014
JQ408981.1	0	693997	0_693997
KX375808.1	0	694014	0_694014
MH013466.1	0	28295	0_28295
GU393331.1	0	694014	0_694014
KJ645648.1	0	28295	0_28295
KU380331.1	0	28295	0_28295
KR265834.1	0	28295	0_28295
KJ425485.1	0	694014	0_694014
KJ645677.1	0	28295	0_28295
KJ645683.1	0	28295	0_28295
KX259253.1	0	694014	0_694014
MH004413.1	0	28295	0_28295
KJ473820.1	0	694008	0_694008
KF411041.1	0	694014	0_694014
KR265792.1	0	28295	0_28295
KR265790.1	0	28295	0_28295
DQ288927.1	0	694014	0_694014
KR265804.1	0	28295	0_28295
KY419106.1	0	694003	0_694003
KF650374.1	0	28295	0_28295
KR818832.1	0	28295	0_28295
KR265764.1	0	28295	0_28295
KJ645659.1	0	28295	0_28295
KX683006.1	0	28295	0_28295
KY419104.1	0	694003	0_694003
KJ473822.1	0	694007	0_694007
KJ425509.1	0	694014	0_694014
KP765609.1	0	28295	0_28295
KM609211.1	0	28295	0_28295
MH006963.1	0	28295	0_28295
LC063833.1	0	28295	0_28295
KJ645660.1	0	28295	0_28295
KX302866.1	0	694014	0_694014
KU252649.1	0	28295	0_28295
LT906620.1	0	28295	0_28295
KC210147.1	0	28295	0_28295
KJ645676.1	0	28295	0_28295
KJ588064.1	0	28295	0_28295
KX247130.1	0	694014	0_694014
KR265815.1	0	28295	0_28295
KP728470.1	0	28295	0_28295
KX252790.1	0	694014	0_694014
AF208066.1	0	694005	0_694005
KR265797.1	0	28295	0_28295
KR265776.1	0	28295	0_28295
EU817497.1	0	694014	0_694014
KX434788.1	0	694014	0_694014
KM609209.1	0	28295	0_28295
KX302869.1	0	694014	0_694014
KR265773.1	0	28295	0_28295
KR265763.1	0	28295	0_28295
KX236008.1	0	694014	0_694014
KR265807.1	0	28295	0_28295
LT905451.1	0	28295	0_28295
KJ425505.1	0	694014	0_694014
KX252781.1	0	694014	0_694014
KP118885.1	0	694014	0_694014
KY776700.1	0	694014	0_694014
LT898433.1	0	28295	0_28295
KC008600.1	0	694014	0_694014
KU982972.1	0	28295	0_28295
KJ645672.1	0	28295	0_28295
KX236011.1	0	694014	0_694014
KX219796.1	0	694014	0_694014
KJ645638.1	0	28295	0_28295
KP118882.1	0	694014	0_694014
DQ646405.2	0	694014	0_694014
JN547228.1	0	28295	0_28295
GQ504721.2	0	694014	0_694014
KP641662.1	0	28295	0_28295
FJ888351.1	0	694014	0_694014
LT900499.1	0	28295	0_28295
KM392226.1	0	28295	0_28295
KX058031.1	0	28295	0_28295
MF373643.1	0	28295	0_28295
KC461235.1	0	693997	0_693997
KP118892.1	0	694014	0_694014
KJ425491.1	0	694014	0_694014
KX839247.1	0	28295	0_28295
KJ020932.1	0	28295	0_28295
KP641663.1	0	28295	0_28295
KF650372.1	0	28295	0_28295
LT898414.1	0	28295	0_28295
KM077139.1	0	28295	0_28295
KY967725.1	0	1508228	0_1508228
KJ425507.1	0	694014	0_694014
KM609213.1	0	28295	0_28295
KR265769.1	0	28295	0_28295
KR265780.1	0	28295	0_28295
LC063847.1	0	28295	0_28295
LC063825.1	0	28295	0_28295
LT898438.1	0	28295	0_28295
KY928065.1	0	28295	0_28295
KY070587.1	0	28295	0_28295
KY419109.1	0	694003	0_694003
KU900740.1	0	694014	0_694014
KF530120.1	0	693997	0_693997
KP780179.1	0	694014	0_694014
MH013463.1	0	28295	0_28295
KC136209.1	0	694014	0_694014
KJ435284.1	0	694014	0_694014
KX259254.1	0	694014	0_694014
KY825240.1	0	28295	0_28295
KR265843.1	0	28295	0_28295
MF346935.1	0	28295	0_28295
KX236004.1	0	694014	0_694014
KX839249.1	0	28295	0_28295
KJ425500.1	0	694014	0_694014
KJ645690.1	0	28295	0_28295
KP118884.1	0	694014	0_694014
KJ645708.1	0	28295	0_28295
MF375374.1	0	28295	0_28295
KF530121.1	0	693997	0_693997
FJ904718.1	0	694014	0_694014
MH006964.1	0	28295	0_28295
KX580958.1	0	28295	0_28295
KX302871.1	0	694014	0_694014
FJ884686.1	0	694005	0_694005
KX236010.1	0	694014	0_694014
KT736031.1	0	694014	0_694014
KX016034.1	0	28295	0_28295
KX364295.1	0	694014	0_694014
FJ904715.1	0	694014	0_694014
JX524137.1	0	28295	0_28295
KJ435283.1	0	694014	0_694014
KM586818.1	0	694014	0_694014
KX364296.1	0	694014	0_694014
KX302870.1	0	694014	0_694014
KR078300.1	0	28295	0_28295
AJ311317.1	0	694014	0_694014
KJ960180.1	0	28295	0_28295
KR265760.1	0	28295	0_28295
NC_001846.1	0	694005	0_694005
KM975741.1	0	28295	0_28295
KR809885.1	0	28295	0_28295
KR265761.1	0	28295	0_28295
KF530134.1	0	693997	0_693997
FJ904723.1	0	694014	0_694014
MH006958.1	0	28295	0_28295
KX252776.1	0	694014	0_694014
KJ184549.1	0	28295	0_28295
KJ645636.1	0	28295	0_28295
GU393334.1	0	694014	0_694014
LC063845.1	0	28295	0_28295
KJ425504.1	0	694014	0_694014
MF421319.1	0	694014	0_694014
FJ904720.1	0	694014	0_694014
KJ425510.1	0	694014	0_694014
KR265825.1	0	28295	0_28295
DQ811789.2	0	693997	0_693997
DQ201447.1	0	693997	0_693997
FN430415.1	0	694014	0_694014
LT900502.1	0	28295	0_28295
KJ196348.1	0	28295	0_28295
KT199103.1	0	28295	0_28295
KJ645664.1	0	28295	0_28295
MH013465.1	0	28295	0_28295
KT021228.1	0	28295	0_28295
MH004418.1	0	28295	0_28295
KM609212.1	0	28295	0_28295
KJ645682.1	0	28295	0_28295
KY649107.1	0	28295	0_28295
KM887144.1	0	28295	0_28295
KX236002.1	0	694014	0_694014
KJ588063.1	0	28295	0_28295
JX195177.1	0	694014	0_694014
KU893861.1	0	28295	0_28295
GU393335.1	0	694014	0_694014
KX364300.1	0	694014	0_694014
KJ645637.1	0	28295	0_28295
KY967733.1	0	1508228	0_1508228
EF185992.1	0	28295	0_28295
LC063812.1	0	28295	0_28295
KY499262.1	0	28295	0_28295
LT898416.1	0	28295	0_28295
KU729220.1	0	693997	0_693997
KJ645674.1	0	28295	0_28295
KR265811.1	0	28295	0_28295
KY967715.1	0	1508228	0_1508228
KX066126.1	0	28295	0_28295
LT898411.1	0	28295	0_28295
LC063818.1	0	28295	0_28295
KR265809.1	0	28295	0_28295
KR265798.1	0	28295	0_28295
KP036503.1	0	694014	0_694014
KR078299.1	0	28295	0_28295
KR265765.1	0	28295	0_28295
LT898431.1	0	28295	0_28295
KT591944.1	0	28295	0_28295
KJ777678.1	0	28295	0_28295
KR610994.1	0	28295	0_28295
KX348116.1	0	694014	0_694014
KJ645641.1	0	28295	0_28295
LC063836.1	0	28295	0_28295
KP118891.1	0	694014	0_694014
JQ977698.1	0	694014	0_694014
KU893869.1	0	28295	0_28295
HM245924.1	0	694014	0_694014
EU637854.1	0	694014	0_694014
KY967724.1	0	1508228	0_1508228
MH013462.1	0	28295	0_28295
NC_028833.1	0	2501928	0_2501928
KP118889.1	0	694014	0_694014
KF760557.2	0	28295	0_28295
KJ645657.1	0	28295	0_28295
KX534206.1	0	28295	0_28295
KJ645668.1	0	28295	0_28295
KX064280.1	0	28295	0_28295
KY994645.1	0	694003	0_694003
KP118893.1	0	694014	0_694014
KP403802.1	0	28295	0_28295
KP790143.1	0	694014	0_694014
MG763935.1	0	694014	0_694014
LT898409.1	0	28295	0_28295
KX364291.1	0	694014	0_694014
KR265840.1	0	28295	0_28295
KX219799.1	0	694014	0_694014
KX185059.1	0	694014	0_694014
KC119407.1	0	694014	0_694014
KR231009.1	0	694014	0_694014
LC063821.1	0	28295	0_28295
KM609208.1	0	28295	0_28295
KX259248.1	0	694014	0_694014
KM609203.1	0	28295	0_28295
KC189944.1	0	28295	0_28295
KM392229.1	0	28295	0_28295
AC_000192.1	0	694005	0_694005
KY929406.1	0	28295	0_28295
KX252778.1	0	694014	0_694014
KR265830.1	0	28295	0_28295
KR265794.1	0	28295	0_28295
DQ648858.1	0	693999	0_693999
KR873435.1	0	28295	0_28295
KJ645687.1	0	28295	0_28295
KR265774.1	0	28295	0_28295
KC140102.1	0	28295	0_28295
KP118894.1	0	694014	0_694014
NC_028824.1	0	1503293	0_1503293
KJ645704.1	0	28295	0_28295
DQ811786.2	0	693997	0_693997
KM609204.1	0	28295	0_28295
KJ425512.1	0	694014	0_694014
KR265824.1	0	28295	0_28295
KT323980.1	0	28295	0_28295
KJ425503.1	0	694014	0_694014
KX185057.1	0	694014	0_694014
MH052685.1	0	28295	0_28295
KJ645700.1	0	28295	0_28295
HM776941.1	0	693997	0_693997
KX434789.1	0	694014	0_694014
KR265791.1	0	28295	0_28295
KT946798.1	0	694014	0_694014
LT898430.1	0	28295	0_28295
KJ473813.1	0	694009	0_694009
MF577027.1	0	28295	0_28295
KY825241.1	0	28295	0_28295
KP036502.1	0	694014	0_694014
LC063811.1	0	28295	0_28295
MH004421.1	0	28295	0_28295
KP688354.1	0	28295	0_28295
KU982980.1	0	28295	0_28295
LT898413.1	0	28295	0_28295
KX219800.1	0	694014	0_694014
MH006962.1	0	28295	0_28295
KR265803.1	0	28295	0_28295
KM975735.1	0	28295	0_28295
MF416379.1	0	694005	0_694005
KU558702.1	0	28295	0_28295
KX236007.1	0	694014	0_694014
KX839246.1	0	28295	0_28295
KX247128.1	0	694014	0_694014
KJ473810.1	0	2501926	0_2501926
AY692454.1	0	694014	0_694014
KX364299.1	0	694014	0_694014
KX077987.1	0	694014	0_694014
KX364292.1	0	694014	0_694014
KX275392.1	0	694014	0_694014
KU847996.1	0	28295	0_28295
KU900741.1	0	694014	0_694014
KJ425486.1	0	694014	0_694014
KJ135013.1	0	694014	0_694014
KX219791.1	0	694014	0_694014
AY338732.1	0	694014	0_694014
JX195176.1	0	694014	0_694014
KJ473811.1	0	694009	0_694009
KJ425487.1	0	694014	0_694014
KM392224.1	0	28295	0_28295
KJ645667.1	0	28295	0_28295
MH004417.1	0	28295	0_28295
KC962433.1	0	693997	0_693997
KF377577.1	0	694014	0_694014
KR265796.1	0	28295	0_28295
KR265813.1	0	28295	0_28295
KY047602.1	0	694014	0_694014
KR818833.1	0	28295	0_28295
JQ977697.1	0	694014	0_694014
MH052683.1	0	28295	0_28295
KU893870.1	0	28295	0_28295
KC013541.1	0	694014	0_694014
KX883635.1	0	28295	0_28295
KX534205.1	0	28295	0_28295
KR265816.1	0	28295	0_28295
MF737355.1	0	28295	0_28295
MH004412.1	0	28295	0_28295
KP118881.1	0	694014	0_694014
KU982976.1	0	28295	0_28295
EU111742.1	0	694015	0_694015
KX219792.1	0	694014	0_694014
KM392232.1	0	28295	0_28295
KT021233.1	0	28295	0_28295
LC063838.1	0	28295	0_28295
KJ645706.1	0	28295	0_28295
LC063829.1	0	28295	0_28295
LT898420.1	0	28295	0_28295
KR265810.1	0	28295	0_28295
KM403155.1	0	28295	0_28295
KJ960179.1	0	28295	0_28295
KY799582.1	0	694014	0_694014
KY776701.1	0	694014	0_694014
MG837011.1	0	28295	0_28295
KM392231.1	0	28295	0_28295
MH004414.1	0	28295	0_28295
KR265829.1	0	28295	0_28295
FJ807652.1	0	694014	0_694014
KP118890.1	0	694014	0_694014
LT898423.1	0	28295	0_28295
AY641576.1	0	694014	0_694014
KJ473821.1	0	1335626	0_1335626
KT886454.1	0	694014	0_694014
KF468754.1	0	28295	0_28295
LT898447.1	0	28295	0_28295
LC063843.1	0	28295	0_28295
MF618253.1	0	694005	0_694005
KX364294.1	0	694014	0_694014
KX252777.1	0	694014	0_694014
KF468752.1	0	28295	0_28295
KY929405.1	0	28295	0_28295
KM975738.1	0	28295	0_28295
KC461236.1	0	693997	0_693997
KU664503.1	0	28295	0_28295
KU893872.1	0	28295	0_28295
KJ645655.1	0	28295	0_28295
KM392225.1	0	28295	0_28295
KX640829.1	0	694014	0_694014
KX302860.1	0	694014	0_694014
MH052688.1	0	28295	0_28295
KF530135.1	0	693997	0_693997
KJ645663.1	0	28295	0_28295
KX434790.1	0	694014	0_694014
KY419107.1	0	694003	0_694003
KY967735.1	0	1508228	0_1508228
KU556804.1	0	694014	0_694014
GQ504720.1	0	694014	0_694014
KY486713.1	0	28295	0_28295
GQ504724.1	0	694014	0_694014
KM242131.1	0	28295	0_28295
KX425847.1	0	694014	0_694014
LC063841.1	0	28295	0_28295
KX372250.1	0	694014	0_694014
KJ645642.1	0	28295	0_28295
KF530131.1	0	693997	0_693997
KJ645665.1	0	28295	0_28295
KX259249.1	0	694014	0_694014
KX266757.1	0	694014	0_694014
KT021232.1	0	28295	0_28295
KF530136.1	0	693997	0_693997
KY967726.1	0	1508228	0_1508228
MH107321.1	0	28295	0_28295
LC063817.1	0	28295	0_28295
KF650375.1	0	28295	0_28295
KF411040.1	0	694014	0_694014
KX389094.1	0	694014	0_694014
KX348115.1	0	694014	0_694014
KJ645669.1	0	28295	0_28295
KX791060.1	0	28295	0_28295
HQ848267.1	0	694014	0_694014
KJ645656.1	0	28295	0_28295
KX236001.1	0	694014	0_694014
KR265783.1	0	28295	0_28295
KJ425508.1	0	694014	0_694014
KX058032.1	0	28295	0_28295
KX252789.1	0	694014	0_694014
KP868572.1	0	694014	0_694014
KR265806.1	0	28295	0_28295
KR265778.1	0	28295	0_28295
KJ645635.1	0	28295	0_28295
KX289955.1	0	28295	0_28295
KP662631.1	0	694014	0_694014
KY007140.1	0	28295	0_28295
DQ443743.1	0	693997	0_693997
LC063827.1	0	28295	0_28295
KU558701.1	0	28295	0_28295
KX981440.1	0	28295	0_28295
NC_003436.1	0	28295	0_28295
JX088695.1	0	28295	0_28295
KJ778616.1	0	28295	0_28295
KJ777677.1	0	28295	0_28295
KJ408801.1	0	28295	0_28295
KX259252.1	0	694014	0_694014
KJ645680.1	0	28295	0_28295
JN825712.1	0	28295	0_28295
KJ645654.1	0	28295	0_28295
KX252782.1	0	694014	0_694014
KP403954.1	0	28295	0_28295
KJ473812.1	0	694009	0_694009
KX839251.1	0	28295	0_28295
KP118887.1	0	694014	0_694014
KR061458.1	0	28295	0_28295
KJ645692.1	0	28295	0_28295
KM392230.1	0	28295	0_28295
KY421672.1	0	694014	0_694014
KU900739.1	0	694014	0_694014
KJ645695.1	0	28295	0_28295
KU569509.1	0	28295	0_28295
LT898444.1	0	28295	0_28295
KU982973.1	0	28295	0_28295
KT253271.1	0	11137	0_11137
KY620116.1	0	694014	0_694014
KR265820.1	0	28295	0_28295
MH013464.1	0	28295	0_28295
FJ588686.1	0	694009	0_694009
KX259255.1	0	694014	0_694014
KT253270.1	0	11137	0_11137
KY419110.1	0	694003	0_694003
FJ904717.1	0	694014	0_694014
KX364297.1	0	694014	0_694014
GQ504725.1	0	694014	0_694014
MF421320.1	0	694014	0_694014
KR265789.1	0	28295	0_28295
KX375807.1	0	694014	0_694014
LT898417.1	0	28295	0_28295
KM089829.1	0	28295	0_28295
KR265808.1	0	28295	0_28295
JX897900.1	0	694014	0_694014
KR265812.1	0	28295	0_28295
KJ662670.1	0	28295	0_28295
KP202848.1	0	693997	0_693997
KF530125.1	0	693997	0_693997
LC063842.1	0	28295	0_28295
LT898418.1	0	28295	0_28295
MF948005.1	0	1965089	0_1965089
LC063844.1	0	28295	0_28295
KX236000.1	0	694014	0_694014
KJ645696.1	0	28295	0_28295
KM975740.1	0	28295	0_28295
LT906582.1	0	28295	0_28295
KJ645705.1	0	28295	0_28295
KX302873.1	0	694014	0_694014
MF083115.1	0	694003	0_694003
KJ645647.1	0	28295	0_28295
LT898408.1	0	28295	0_28295
MG837058.1	0	28295	0_28295
LC063813.1	0	28295	0_28295
MH052689.1	0	28295	0_28295
DQ001338.1	0	694014	0_694014
KU900742.1	0	694014	0_694014
LC063831.1	0	28295	0_28295
LT906581.1	0	28295	0_28295
MF807951.1	0	28295	0_28295
LC063815.1	0	28295	0_28295
KJ473815.1	0	694009	0_694009
KM975739.1	0	28295	0_28295
FJ904713.1	0	694014	0_694014
NC_028814.1	0	2501926	0_2501926
NC_034972.1	0	1964806	0_1964806
KU361187.1	0	694014	0_694014
KR265833.1	0	28295	0_28295
KT021229.1	0	28295	0_28295
KR265823.1	0	28295	0_28295
KR153326.1	0	28295	0_28295
KJ425501.1	0	694014	0_694014
LT898412.1	0	28295	0_28295
KJ425502.1	0	694014	0_694014
LT898441.1	0	28295	0_28295
KR902510.1	0	694014	0_694014
KY825242.1	0	28295	0_28295
KR265762.1	0	28295	0_28295
KP036504.1	0	694014	0_694014
GU393332.1	0	694014	0_694014
KR265788.1	0	28295	0_28295
MG334554.1	0	28295	0_28295
MG781192.1	0	28295	0_28295
KJ473814.1	0	694009	0_694009
KJ645650.1	0	28295	0_28295
KX219801.1	0	694014	0_694014
LC022792.1	0	28295	0_28295
LT898427.1	0	28295	0_28295
KM609207.1	0	28295	0_28295
KF530129.1	0	693997	0_693997
KP118886.1	0	694014	0_694014
KX400753.1	0	694014	0_694014
KT021230.1	0	28295	0_28295
KY420075.1	0	28295	0_28295
KJ645644.1	0	28295	0_28295
KX252773.1	0	694014	0_694014
KY825243.1	0	28295	0_28295
KJ645697.1	0	28295	0_28295
KX302864.1	0	694014	0_694014
AF208067.1	0	694005	0_694005
KX252791.1	0	694014	0_694014
MH006960.1	0	28295	0_28295
KX839250.1	0	28295	0_28295
GU393333.1	0	694014	0_694014
KX375806.1	0	694014	0_694014
KR265827.1	0	28295	0_28295
JX560761.1	0	28295	0_28295
KU982967.1	0	28295	0_28295
KJ645645.1	0	28295	0_28295
NC_035191.1	0	1508228	0_1508228
NC_028811.1	0	2501927	0_2501927
KJ425497.1	0	694014	0_694014
MF618252.1	0	694005	0_694005
KJ473798.1	0	694001	0_694001
KM609210.1	0	28295	0_28295
KM052365.1	0	28295	0_28295
KJ645661.1	0	28295	0_28295
HQ850618.1	0	694014	0_694014
KY007139.1	0	28295	0_28295
KY805845.1	0	694014	0_694014
MG837012.1	0	28295	0_28295
KJ645653.1	0	28295	0_28295
KX348117.1	0	694014	0_694014
KJ425496.1	0	694014	0_694014
KJ645658.1	0	28295	0_28295
KX302862.1	0	694014	0_694014
KX236012.1	0	694014	0_694014
KX252780.1	0	694014	0_694014
LC063832.1	0	28295	0_28295
MH004419.1	0	28295	0_28295
FJ755618.2	0	693997	0_693997
KT021231.1	0	28295	0_28295
LC063834.1	0	28295	0_28295
KC210145.1	0	28295	0_28295
KX364298.1	0	694014	0_694014
KJ473795.1	0	694000	0_694000
KJ425499.1	0	694014	0_694014
KY419112.1	0	694003	0_694003
KX839248.1	0	28295	0_28295
KX812524.1	0	28295	0_28295
KJ473800.1	0	694001	0_694001
LC063816.1	0	28295	0_28295
AJ271965.2	0	693997	0_693997
KM975737.1	0	28295	0_28295
FJ904721.1	0	694014	0_694014
KJ128295.1	0	694014	0_694014
KJ645646.1	0	28295	0_28295
KR265818.1	0	28295	0_28295
KJ425489.1	0	694014	0_694014
KR265819.1	0	28295	0_28295
KX375805.1	0	694014	0_694014
GU937797.1	0	28295	0_28295
KR265801.1	0	28295	0_28295
KM213963.1	0	694014	0_694014
KR265832.1	0	28295	0_28295
JX112709.1	0	28295	0_28295
KR011756.1	0	28295	0_28295
KR265842.1	0	28295	0_28295
KY407556.1	0	694014	0_694014
KU556805.1	0	694014	0_694014
KR265767.1	0	28295	0_28295
KR265795.1	0	28295	0_28295
MF782687.1	0	28295	0_28295
KF853202.1	0	694014	0_694014
KP868573.1	0	694014	0_694014
GU393336.1	0	694014	0_694014
KT253272.1	0	11137	0_11137
KC869678.4	0	1335626	0_1335626
KY419113.1	0	694003	0_694003
LC063814.1	0	28295	0_28295
LT897799.1	0	28295	0_28295
DQ001339.1	0	694014	0_694014
KJ645640.1	0	28295	0_28295
KF530124.1	0	693997	0_693997
KJ623926.1	0	28295	0_28295
KX252784.1	0	694014	0_694014
EU526388.1	0	694014	0_694014
KU982978.1	0	28295	0_28295
KR265831.1	0	28295	0_28295
EU418975.1	0	694014	0_694014
KJ425511.1	0	694014	0_694014
KJ645702.1	0	28295	0_28295
KX275394.1	0	694014	0_694014
JX195175.1	0	694014	0_694014
KY421673.1	0	694014	0_694014
KJ778615.1	0	28295	0_28295
KX185058.1	0	694014	0_694014
KX302865.1	0	694014	0_694014
KU982966.1	0	28295	0_28295
KX252783.1	0	694014	0_694014
FJ884687.1	0	694005	0_694005
JF828981.1	0	694014	0_694014
KJ645684.1	0	28295	0_28295
KM392227.1	0	28295	0_28295
KC109141.1	0	28295	0_28295
KR095279.1	0	28295	0_28295
KU556806.1	0	694014	0_694014
KU900738.1	0	694014	0_694014
KX302863.1	0	694014	0_694014
JF330899.1	0	694014	0_694014
KT736032.1	0	694014	0_694014
KY486714.1	0	28295	0_28295
LC063846.1	0	28295	0_28295
KJ645703.1	0	28295	0_28295
FN430414.1	0	694014	0_694014
DQ811788.1	0	693997	0_693997
KR265800.1	0	28295	0_28295
MF593268.1	0	1335626	0_1335626
JF893452.1	0	694014	0_694014
