AGGATGSTGTKRAHAAM	0.2307319020270508
ARTTYKAYGGYGGYTRK	-0.571940387014637
CTDHTAATGTKGTTAWW	0.35465924727226694
GAYTAYCCWAARTGYGA	-0.18791813100340515
GGAYTAYCCWAARTGYG	-0.18056900596785966
GGGAYTAYCCWAARTGY	-0.0015659787786350637
GRHAAAGTTAARMCACC	1.1654621372949694
GTTGSGACAANRTGYTD	-0.8058397398224016
HGAKGGWGTWAATKTYA	0.19270282321511098
TCCTGMTGAAATWKTTR	0.4236578606509099
TGHTWTTRSWGATTMYA	0.30462418660756824
TGYKKYKGTTGYTKTKR	-0.30549768161556307
TRATGTTGTTADWMRAB	0.41599424011276176
TTYTGSAABKGYAAYGT	-0.12175218979880348
TWGGYGRTYTTCAHTTR	0.3597089327079869
VMAAAAAAAAAAAAAAA	-0.008373964206220377
YGGBKYYGTKTGYWABA	-0.17679970769780723
